point_id,latitude,longitude,survey_status
GT-01,28.61,77.2,verified
GT-02,28.61,77.205,verified
GT-03,28.61,77.21000000000001,verified
GT-04,28.61,77.215,verified
GT-05,28.61,77.22,verified
GT-06,28.61,77.22500000000001,verified
GT-07,28.614,77.2,verified
GT-08,28.614,77.205,verified
GT-09,28.614,77.21000000000001,verified
GT-10,28.614,77.215,verified
GT-11,28.614,77.22,verified
GT-12,28.614,77.22500000000001,verified
GT-13,28.618,77.2,verified
GT-14,28.618,77.205,verified
GT-15,28.618,77.21000000000001,verified
