khasra_no,owner,latitude,longitude,area_sqm
P-001,Owner 1,28.610699999999998,77.20100000000001,61605.0
P-002,Owner 2,28.610699999999998,77.2035,61605.0
P-003,Owner 3,28.610699999999998,77.206,61605.0
P-004,Owner 4,28.610699999999998,77.2085,61605.0
P-005,Owner 5,28.610699999999998,77.21100000000001,61607.0
P-006,Owner 6,28.610699999999998,77.21350000000001,61605.0
P-007,Owner 7,28.612699999999997,77.20100000000001,61605.0
P-008,Owner 8,28.612699999999997,77.2035,61605.0
P-009,Owner 9,28.612699999999997,77.206,61605.0
P-010,Owner 10,28.612699999999997,77.2085,61605.0
P-011,Owner 11,28.612699999999997,77.21100000000001,61605.0
P-012,Owner 12,28.612699999999997,77.21350000000001,61605.0
P-013,Owner 13,28.6147,77.20100000000001,61607.0
P-014,Owner 14,28.6147,77.2035,61605.0
P-015,Owner 15,28.6147,77.206,61605.0
P-016,Owner 16,28.6147,77.2085,61605.0
P-017,Owner 17,28.6147,77.21100000000001,61605.0
P-018,Owner 18,28.6147,77.21350000000001,61605.0
P-019,Owner 19,28.616699999999998,77.20100000000001,61605.0
P-020,Owner 20,28.616699999999998,77.2035,61607.0
P-021,Owner 21,28.616699999999998,77.206,61605.0
P-022,Owner 22,28.616699999999998,77.2085,61605.0
P-023,Owner 23,28.616699999999998,77.21100000000001,61605.0
P-024,Owner 24,28.616699999999998,77.21350000000001,61605.0
P-025,Owner 25,28.618699999999997,77.20100000000001,61605.0
P-026,Owner 26,28.618699999999997,77.2035,61605.0
P-027,Owner 27,28.618699999999997,77.206,61605.0
P-028,Owner 28,28.618699999999997,77.2085,61605.0
P-029,Owner 29,28.618699999999997,77.21100000000001,61605.0
P-030,Owner 30,28.618699999999997,77.21350000000001,61605.0
